2025-07-10_09-30-43,server.py - SecureMonitor - Visual Studio Code,screenshot_2025-07-10_09-30-43.png
2025-07-10_09-35-44,● app.py - python-telegram-bot - Visual Studio Code,screenshot_2025-07-10_09-35-44.png
2025-07-10_09-40-44,● app.py - python-telegram-bot - Visual Studio Code,screenshot_2025-07-10_09-40-44.png
2025-07-10_09-45-44,● app.py - python-telegram-bot - Visual Studio Code,screenshot_2025-07-10_09-45-44.png
2025-07-10_09-50-44,● app.py - python-telegram-bot - Visual Studio Code,screenshot_2025-07-10_09-50-44.png
2025-07-10_09-55-44,Шпионская программа анализ - Google Chrome,screenshot_2025-07-10_09-55-44.png
2025-07-10_10-57-54,server.py - SecureMonitor - Visual Studio Code,screenshot_2025-07-10_10-57-54.png
2025-07-10_11-02-54,● app.py - python-telegram-bot - Visual Studio Code,screenshot_2025-07-10_11-02-54.png
2025-07-10_11-07-54,app.py - python-telegram-bot - Visual Studio Code,screenshot_2025-07-10_11-07-54.png
2025-07-10_11-12-54,● app.py - python-telegram-bot - Visual Studio Code,screenshot_2025-07-10_11-12-54.png
2025-07-10_11-17-55,● app.py - python-telegram-bot - Visual Studio Code,screenshot_2025-07-10_11-17-55.png
2025-07-10_11-22-55,● app.py - python-telegram-bot - Visual Studio Code,screenshot_2025-07-10_11-22-55.png
2025-07-10_11-27-55,● app.py - python-telegram-bot - Visual Studio Code,screenshot_2025-07-10_11-27-55.png
2025-07-10_11-32-55,● app.py - python-telegram-bot - Visual Studio Code,screenshot_2025-07-10_11-32-55.png
2025-07-10_11-37-55,app.py - python-telegram-bot - Visual Studio Code,screenshot_2025-07-10_11-37-55.png
2025-07-10_11-42-56,Полезные программы для дохода - Google Chrome,screenshot_2025-07-10_11-42-56.png
2025-07-10_11-47-56,● app.py - python-telegram-bot - Visual Studio Code,screenshot_2025-07-10_11-47-56.png
2025-07-10_11-52-56,● app.py - python-telegram-bot - Visual Studio Code,screenshot_2025-07-10_11-52-56.png
2025-07-10_11-57-56,Unigram,screenshot_2025-07-10_11-57-56.png
2025-07-10_12-02-56,Полезные программы для дохода - Google Chrome,screenshot_2025-07-10_12-02-56.png
2025-07-10_12-07-56,Полезные программы для дохода - Google Chrome,screenshot_2025-07-10_12-07-56.png
2025-07-10_12-12-57,Полезные программы для дохода - Google Chrome,screenshot_2025-07-10_12-12-57.png
2025-07-10_12-14-06,server.py - SecureMonitor - Visual Studio Code,screenshot_2025-07-10_12-14-06.png
2025-07-10_12-24-02,server.py - SecureMonitor - Visual Studio Code,screenshot_2025-07-10_12-24-02.png
